"precision","recall","specificity","acc","fnr","fpr","auc"
0.84649555774926,0.761883607285651,0.72306322350846,0.74896265560166,0.238116392714349,0.27693677649154,0.826321971080034
