"precision","recall","specificity","acc","fnr","fpr","auc"
0.874199184624345,0.666814749000444,0.807658058771149,0.713692946058091,0.333185250999556,0.192341941228851,0.826150087445058
