"precision","recall","specificity","acc","fnr","fpr","auc"
0.883783783783784,0.847882454624028,0.756143667296786,0.819098457888493,0.152117545375972,0.243856332703214,0.88252528784272
