"precision","recall","specificity","acc","fnr","fpr","auc"
0.880975143403442,0.796800691742326,0.764650283553875,0.786710175022249,0.203199308257674,0.235349716446125,0.861857079693391
