"precision","recall","specificity","acc","fnr","fpr","auc"
0.834417208604302,0.74898967220476,0.710411198600175,0.735905044510386,0.25101032779524,0.289588801399825,0.81261508229747
