"precision","recall","specificity","acc","fnr","fpr","auc"
0.864398658361284,0.779939472546476,0.732514177693762,0.765054879857609,0.220060527453524,0.267485822306238,0.837129579912012
