"precision","recall","specificity","acc","fnr","fpr","auc"
0.838329238329238,0.766052986079928,0.712160979877515,0.747774480712166,0.233947013920072,0.287839020122485,0.817083428109879
