"precision","recall","specificity","acc","fnr","fpr","auc"
0.836839644693782,0.795202132385606,0.689225289403384,0.759928867812685,0.204797867614394,0.310774710596616,0.822616879882811
