"precision","recall","specificity","acc","fnr","fpr","auc"
0.881453154875717,0.82174688057041,0.780530973451327,0.807943094250148,0.17825311942959,0.219469026548673,0.87780393734324
