"precision","recall","specificity","acc","fnr","fpr","auc"
0.843127731908694,0.771212794313638,0.712377560106857,0.751630112625963,0.228787205686362,0.287622439893143,0.826197360389545
