"precision","recall","specificity","acc","fnr","fpr","auc"
0.834479371316306,0.762909744050292,0.705161854768154,0.743323442136498,0.237090255949708,0.294838145231846,0.814467791885242
