"precision","recall","specificity","acc","fnr","fpr","auc"
0.881421027364378,0.79343128781331,0.766540642722117,0.784994068801898,0.20656871218669,0.233459357277883,0.865079903210996
