"precision","recall","specificity","acc","fnr","fpr","auc"
0.915559772296015,0.836221837088388,0.833020637898687,0.835210432720806,0.163778162911612,0.166979362101313,0.917117148607828
