precision,recall,specificity,acc,fnr,fpr,auc
0.836839645,0.795202132,0.689225289,0.759928868,0.204797868,0.310774711,0.82261688
